Datetime,XGBModel_4 Hours Ahead (kW),XGBModel_8 Hours Ahead (kW),NBEATSModel_4 Hours Ahead (kW),NBEATSModel_8 Hours Ahead (kW),Actual load (kW)
2019-08-02 01:00:00,1.7133281230926514,1.7133281230926514,1.6449367191741044,1.6449367191741044,1.5115569416050354
2019-08-02 02:00:00,0.9172679781913757,0.9172679781913757,0.9819886691040273,0.9819886691040273,0.8943455295778916
2019-08-02 03:00:00,0.3604448735713959,0.3604448735713959,0.47566686263254854,0.47566686263254854,0.3697999722061154
2019-08-02 04:00:00,0.19670884311199188,0.19670884311199188,0.1667061920394199,0.1667061920394199,9.99999999999901e-07
2019-08-02 05:00:00,0.20685961842536926,0.09644339233636856,0.04048232763351856,0.04849784829227489,0.1704524458783476
2019-08-02 06:00:00,0.22004282474517822,0.07300561666488647,0.10012005801459796,0.09224401455485522,0.1932655826043012
2019-08-02 07:00:00,0.515843391418457,0.28446856141090393,0.5329917195714192,0.33212854201782877,1.0157062214219832
2019-08-02 08:00:00,1.2706700563430786,1.0308676958084106,1.6071269808386965,0.9241864863143321,1.6919914187541525
2019-08-02 09:00:00,2.0164029598236084,2.0164029598236084,1.5192771812040538,1.5192771812040538,0.9587465003229793
2019-08-02 10:00:00,2.045186758041382,2.045186758041382,2.7289056361119264,2.7289056361119264,0.9487504740189421
2019-08-02 11:00:00,2.687053680419922,2.687053680419922,3.141315149870381,3.141315149870381,2.6849812456665076
2019-08-02 12:00:00,3.0661377906799316,3.0661377906799316,3.2831880558285653,3.2831880558285653,3.7718729976234457
2019-08-02 13:00:00,3.384012460708618,3.016535520553589,2.9722219997911274,3.160317110244235,5.467408077081467
2019-08-02 14:00:00,3.1160058975219727,2.966010332107544,3.4817229965376644,3.8117029344121716,3.728294226593866
2019-08-02 15:00:00,3.404008150100708,3.3651368618011475,3.255171653439479,3.617297040679658,3.247659804334009
2019-08-02 16:00:00,3.2677791118621826,3.380403995513916,3.0613173294640097,3.4046387404347893,2.8479211681052283
2019-08-02 17:00:00,3.1887781620025635,3.1887781620025635,2.427396559594344,2.427396559594344,2.944406662846036
2019-08-02 18:00:00,3.4864661693573,3.4864661693573,3.1989416914230406,3.1989416914230406,3.9386277486593477
2019-08-02 19:00:00,4.171066761016846,4.171066761016846,3.988872320795402,3.988872320795402,6.986812612873072
2019-08-02 20:00:00,4.491464614868164,4.491464614868164,4.284315225593024,4.284315225593024,5.175406614134474
2019-08-02 21:00:00,4.471745014190674,4.424354076385498,4.413571670049891,4.094459556812542,4.88107119410875
2019-08-02 22:00:00,3.9948980808258057,3.72698974609375,4.33587260670381,4.05866001658132,3.423343051084304
2019-08-02 23:00:00,2.9640188217163086,2.9314630031585693,3.303487901909527,3.1552316541011622,4.744971831163199
2019-08-03 00:00:00,2.5484535694122314,2.6168949604034424,2.3499839495544492,2.5097215646362945,3.181914222908443
2019-08-03 01:00:00,2.2598118782043457,2.2598118782043457,1.7395359394942975,1.7395359394942975,2.59623383232795
2019-08-03 02:00:00,1.1600896120071411,1.1600896120071411,1.1475373848729067,1.1475373848729067,2.248704001522488
2019-08-03 03:00:00,0.3799041211605072,0.3799041211605072,0.4582953262746899,0.4582953262746899,1.5132560260035195
2019-08-03 04:00:00,0.06668881326913834,0.06668881326913834,0.10399234276200674,0.10399234276200674,0.3343113601688804
2019-08-03 05:00:00,0.06835690885782242,0.09340518712997437,0.024298516236871393,0.03871165933659708,0.6438325266206526
2019-08-03 06:00:00,0.07048094272613525,0.12395577132701874,0.05641807969450448,0.14383169469761115,0.036111084705351675
2019-08-03 07:00:00,0.31915363669395447,0.4144189953804016,0.28359793639458825,0.578705593458238,0.1527468590740632
2019-08-03 08:00:00,0.9540020823478699,1.4599692821502686,0.620798339378149,1.2784509580576633,9.99999999999901e-07
2019-08-03 09:00:00,0.47990885376930237,0.47990885376930237,0.5035134385473625,0.5035134385473625,0.738873973804472
2019-08-03 10:00:00,1.4850304126739502,1.4850304126739502,1.8113060026049574,1.8113060026049574,4.026451666461514
2019-08-03 11:00:00,2.380929708480835,2.380929708480835,2.9923914444172985,2.9923914444172985,8.321207523897398
2019-08-03 12:00:00,3.3730673789978027,3.3730673789978027,4.181291636053797,4.181291636053797,3.321662520165339
2019-08-03 13:00:00,4.1179680824279785,3.6369307041168213,4.717584418179472,4.029777629756657,5.325140158113271
2019-08-03 14:00:00,4.2571916580200195,3.7995810508728027,4.981022197615062,4.784760267021456,4.944853026454075
2019-08-03 15:00:00,3.8509445190429688,3.6350996494293213,4.206315406194572,4.270414532716267,6.957122728157466
2019-08-03 16:00:00,3.6817784309387207,3.315079689025879,4.007101635440794,3.80780099583994,10.916002776718562
2019-08-03 17:00:00,6.068181037902832,6.068181037902832,6.418158063253438,6.418158063253438,6.73170669885254
2019-08-03 18:00:00,5.137261390686035,5.137261390686035,5.941783766181761,5.941783766181761,1.9102505555051166
2019-08-03 19:00:00,4.589944839477539,4.589944839477539,7.1416293381131695,7.1416293381131695,5.044613345008847
2019-08-03 20:00:00,4.997568130493164,4.997568130493164,6.9105332239534185,6.9105332239534185,2.861473754183876
2019-08-03 21:00:00,4.63932466506958,4.774731636047363,3.982737128309025,6.207396968987308,5.463700909265299
2019-08-03 22:00:00,4.0322160720825195,4.000124931335449,4.601793336107657,6.161669134447594,4.373421748617384
2019-08-03 23:00:00,4.202934741973877,4.310940265655518,4.061510065354028,4.678387484529098,2.7813859738036264
2019-08-04 00:00:00,2.969851016998291,3.0199928283691406,3.5387010878405722,3.1304933717266628,2.7776976943444134
2019-08-04 01:00:00,2.2071402072906494,2.2071402072906494,2.098592284138957,2.098592284138957,2.9670202513593056
2019-08-04 02:00:00,1.5171767473220825,1.5171767473220825,1.5652515661009527,1.5652515661009527,1.7471278653149098
2019-08-04 03:00:00,0.9868924617767334,0.9868924617767334,0.980085436690573,0.980085436690573,0.5405355285860727
2019-08-04 04:00:00,0.4890781342983246,0.4890781342983246,0.46059003011510763,0.46059003011510763,0.3490055294570938
2019-08-04 05:00:00,0.12379039078950882,0.32522833347320557,0.14695974916824564,0.26445856017876646,0.2046956713680701
2019-08-04 06:00:00,0.06772252917289734,0.2718517482280731,0.10301141547848243,0.24161495467647365,0.4048496117913988
2019-08-04 07:00:00,0.1530621498823166,0.187227264046669,0.09176338835275911,0.24114910750923632,0.16111047066625062
2019-08-04 08:00:00,0.26839935779571533,0.3006230890750885,0.27250978450046853,0.36446675622035685,9.99999999999901e-07
2019-08-04 09:00:00,0.88804692029953,0.88804692029953,0.6024389535538249,0.6024389535538249,1.0159750027236925
2019-08-04 10:00:00,2.518484592437744,2.518484592437744,2.388178026318994,2.388178026318994,2.7051144216965564
2019-08-04 11:00:00,3.7125191688537598,3.7125191688537598,4.030524242556617,4.030524242556617,3.59361378151618
2019-08-04 12:00:00,3.9156970977783203,3.9156970977783203,5.288543564154263,5.288543564154263,6.867608947171531
2019-08-04 13:00:00,5.2220234870910645,4.260500431060791,5.605226805566696,4.85341221855628,5.6113033803626164
2019-08-04 14:00:00,4.32541561126709,4.248199462890625,6.252441164345626,4.925864390427165,5.314721253713397
2019-08-04 15:00:00,4.073529243469238,3.0236496925354004,5.466318975906381,4.164801815040774,3.518961753284026
2019-08-04 16:00:00,3.597606658935547,2.994426965713501,4.866711138853617,4.472529494607253,4.058417139625972
2019-08-04 17:00:00,3.7343971729278564,3.7343971729278564,3.41896704410084,3.41896704410084,2.507454284583621
2019-08-04 18:00:00,3.395435333251953,3.395435333251953,3.8423347100607272,3.8423347100607272,2.5339555616383005
2019-08-04 19:00:00,4.29348087310791,4.29348087310791,4.7009773007330145,4.7009773007330145,2.806815477784899
2019-08-04 20:00:00,3.836906671524048,3.836906671524048,5.230113182262192,5.230113182262192,2.120266722944472
2019-08-04 21:00:00,3.9040029048919678,4.490972995758057,3.631006675039511,5.206849821235509,4.267159524345826
2019-08-04 22:00:00,3.5407183170318604,4.150047302246094,4.741524908878097,5.085094944049439,2.782461784299638
2019-08-04 23:00:00,3.5673604011535645,3.5537312030792236,3.550094877592385,4.287186389645662,2.289735056167604
2019-08-05 00:00:00,3.019700527191162,2.9353647232055664,2.993812796052186,3.385222198745395,2.305472975922055
2019-08-05 01:00:00,2.0021378993988037,2.0021378993988037,1.9190441418715132,1.9190441418715132,1.3115481405368379
2019-08-05 02:00:00,1.185448169708252,1.185448169708252,1.5625093988745586,1.5625093988745586,0.3629327755932269
2019-08-05 03:00:00,0.822619616985321,0.822619616985321,0.7229956711487376,0.7229956711487376,0.47016205623457175
2019-08-05 04:00:00,0.2843344807624817,0.2843344807624817,0.33439873636662115,0.33439873636662115,0.225963692739699
2019-08-05 05:00:00,0.0419522263109684,0.17436672747135162,0.035312867481075545,0.1301836380519164,0.3309091920962864
2019-08-05 06:00:00,0.07003327459096909,0.08700241893529892,0.08661044292740891,0.143992019100753,9.99999999999901e-07
2019-08-05 07:00:00,0.10032346099615097,0.05291843041777611,0.2341528828641341,0.1316353027058879,0.8911735535731846
2019-08-05 08:00:00,0.8440819382667542,0.33393093943595886,0.6079291523608267,0.26835551840509225,1.7001754207827253
2019-08-05 09:00:00,2.1191465854644775,2.1191465854644775,1.7262665245319067,1.7262665245319067,4.363786920749244
2019-08-05 10:00:00,2.442352056503296,2.442352056503296,2.650398226157224,2.650398226157224,3.9156213331014835
2019-08-05 11:00:00,3.1461620330810547,3.1461620330810547,2.7590468604879095,2.7590468604879095,2.808029666678537
2019-08-05 12:00:00,3.551239490509033,3.551239490509033,3.3870005687033222,3.3870005687033222,4.298129085149129
2019-08-05 13:00:00,4.163100242614746,3.7793843746185303,3.3650242659603493,3.3352475412439575,5.374015171655444
2019-08-05 14:00:00,3.519592523574829,3.735095977783203,3.620292955733757,3.498392824642408,1.6123031669620933
2019-08-05 15:00:00,3.3060503005981445,3.4847347736358643,3.5256391827278755,3.456562602717049,4.064574546379935
2019-08-05 16:00:00,3.326460123062134,3.2151107788085938,3.28263493065385,3.16818306100881,3.102934969722322
2019-08-05 17:00:00,3.178314208984375,3.178314208984375,2.8746220990461544,2.8746220990461544,3.58255849750349
2019-08-05 18:00:00,3.1288657188415527,3.1288657188415527,3.6247492580517733,3.6247492580517733,3.6570139189300597
2019-08-05 19:00:00,3.5522751808166504,3.5522751808166504,4.141785860371536,4.141785860371536,7.928733497344547
2019-08-05 20:00:00,3.568270683288574,3.568270683288574,3.97722933850494,3.97722933850494,2.9900729423315267
2019-08-05 21:00:00,3.4870638847351074,3.521655797958374,3.319924590380833,3.7702905804311344,8.691896689595543
2019-08-05 22:00:00,3.089228630065918,3.1970136165618896,3.3367642503129944,3.6417667321394145,5.518804941802979
2019-08-05 23:00:00,2.36923885345459,2.45797061920166,2.5135210528267433,2.9235923657188443,4.233449192068739
2019-08-06 00:00:00,1.8313997983932495,1.8477345705032349,1.747764588228591,2.1389735918557804,3.4483439991421148
2019-08-06 01:00:00,2.003309726715088,2.003309726715088,1.8248530838082537,1.8248530838082537,1.432305412991838
2019-08-06 02:00:00,0.8920267224311829,0.8920267224311829,1.065738667844763,1.065738667844763,0.5631506371286162
2019-08-06 03:00:00,0.3367161750793457,0.3367161750793457,0.5463213621473426,0.5463213621473426,0.05821633469263562
2019-08-06 04:00:00,0.143015056848526,0.143015056848526,0.09816743906582917,0.09816743906582917,0.05322091620720686
2019-08-06 05:00:00,0.018493637442588806,0.09425870329141617,0.0841150938313089,0.030877223122074755,1.2510566609594513
2019-08-06 06:00:00,0.19127580523490906,0.13581112027168274,0.20431861074195218,0.12258490600572469,9.99999999999901e-07
2019-08-06 07:00:00,1.1271578073501587,0.4845757782459259,0.9305255970000424,0.628851653234302,0.8131220800611716
2019-08-06 08:00:00,1.8331350088119507,1.2892451286315918,2.337255015690504,1.6566923930608968,2.125211525440217
2019-08-06 09:00:00,2.698887348175049,2.698887348175049,2.5724809914916653,2.5724809914916653,0.6506657249132792
2019-08-06 10:00:00,2.7356607913970947,2.7356607913970947,3.327616934686211,3.327616934686211,3.5808954443825605
2019-08-06 11:00:00,3.170229911804199,3.170229911804199,3.340200268125044,3.340200268125044,2.705644083224402
2019-08-06 12:00:00,3.354642152786255,3.354642152786255,3.623059748767187,3.623059748767187,4.6972144187821305
2019-08-06 13:00:00,4.235068321228027,3.2031540870666504,3.649448323899273,3.754279533738394,4.521014970938365
2019-08-06 14:00:00,4.081411361694336,4.01942777633667,3.8101018519502237,3.6903205808601465,2.060289946428931
2019-08-06 15:00:00,3.6484498977661133,3.4125425815582275,3.8525270250906134,3.7323741003666964,5.038812300798627
2019-08-06 16:00:00,3.2127225399017334,3.014218807220459,3.8101372944019913,3.297498977927706,2.104394173314837
2019-08-06 17:00:00,2.778418779373169,2.778418779373169,2.4233131449874823,2.4233131449874823,1.1834153342035028
2019-08-06 18:00:00,3.013063907623291,3.013063907623291,3.6722892215073957,3.6722892215073957,1.231173560025956
2019-08-06 19:00:00,4.418846607208252,4.418846607208252,4.9828499908870585,4.9828499908870585,2.9176179743448936
2019-08-06 20:00:00,3.710902690887451,3.710902690887451,4.833314862610022,4.833314862610022,3.994435443168215
2019-08-06 21:00:00,4.3084516525268555,3.837012529373169,4.080387544471904,5.1730787126451965,5.7667324209213255
2019-08-06 22:00:00,4.344550609588623,4.338111400604248,4.702257745970636,5.052373180258252,2.344129944525823
2019-08-06 23:00:00,3.4883627891540527,3.359029769897461,3.48050758041922,3.808613878703645,3.1358614721298235
2019-08-07 00:00:00,2.704139232635498,2.698676824569702,2.454550720176623,2.7489598433514333,2.3984514754405595
2019-08-07 01:00:00,1.455087661743164,1.455087661743164,1.3236137817689875,1.3236137817689875,2.0378976932212023
2019-08-07 02:00:00,0.9084086418151855,0.9084086418151855,0.7626291896214888,0.7626291896214888,0.7300711402367487
2019-08-07 03:00:00,0.24075181782245636,0.24075181782245636,0.32787699878339854,0.32787699878339854,0.3440508315090593
2019-08-07 04:00:00,0.15900149941444397,0.15900149941444397,0.11056060537152568,0.11056060537152568,0.9693810576655091
2019-08-07 05:00:00,0.8163615465164185,0.362243115901947,0.0790152667482214,0.04119383353776522,9.99999999999901e-07
2019-08-07 06:00:00,0.24413178861141205,0.27305057644844055,0.015992508263961452,0.08230143334143332,0.0013591382348790094
2019-08-07 07:00:00,0.45356041193008423,0.5085155367851257,0.22637343227271844,0.4463341888771361,0.8173261942867699
2019-08-07 08:00:00,1.5667128562927246,1.6211634874343872,1.04740451254836,1.3556749588015482,0.7109826105969758
2019-08-07 09:00:00,1.5098927021026611,1.5098927021026611,1.0543227770927366,1.0543227770927366,0.6519975561993927
2019-08-07 10:00:00,2.419532299041748,2.419532299041748,2.2486841283048706,2.2486841283048706,1.439182781039767
2019-08-07 11:00:00,2.4902095794677734,2.4902095794677734,2.4466933994154902,2.4466933994154902,2.438988967143586
2019-08-07 12:00:00,3.056321620941162,3.056321620941162,2.9637391887394857,2.9637391887394857,2.807989079136742
2019-08-07 13:00:00,2.8557350635528564,2.961879253387451,2.5788297329664074,2.918370977681916,5.307138052082488
2019-08-07 14:00:00,3.4363226890563965,3.5443918704986572,3.2515932781218235,3.2522650443340537,2.0344956101209832
2019-08-07 15:00:00,3.1110455989837646,3.2077226638793945,3.1554712269192247,3.320236745206496,3.7015793330302786
2019-08-07 16:00:00,2.7935609817504883,2.833975076675415,2.959615624813661,3.0897247996502135,3.560234188472324
2019-08-07 17:00:00,3.257760763168335,3.257760763168335,2.778718534413188,2.778718534413188,2.2499535298987485
2019-08-07 18:00:00,2.6723270416259766,2.6723270416259766,2.8214409910126164,2.8214409910126164,2.999673558776003
2019-08-07 19:00:00,3.740734100341797,3.740734100341797,3.7776399721552023,3.7776399721552023,3.4210076107453227
2019-08-07 20:00:00,3.62060284614563,3.62060284614563,4.055624973926871,4.055624973926871,3.6631673374180247
2019-08-07 21:00:00,4.087418556213379,4.1874165534973145,3.891204854312384,4.210576049453393,4.229892726686691
2019-08-07 22:00:00,3.8316240310668945,3.851099967956543,4.150570590111368,4.495369433976928,4.108985614692265
2019-08-07 23:00:00,3.4858438968658447,3.434461832046509,3.1673246937956137,3.3400024689947605,3.74808538571506
2019-08-08 00:00:00,2.715790033340454,2.8007283210754395,2.6607779449136495,2.798904945979775,4.621504110791944
2019-08-08 01:00:00,3.0260367393493652,3.0260367393493652,2.4053216776422297,2.4053216776422297,2.0212896097607063
2019-08-08 02:00:00,1.6919043064117432,1.6919043064117432,1.4666902905929478,1.4666902905929478,0.5707247491306733
2019-08-08 03:00:00,0.54668128490448,0.54668128490448,0.7340477022626694,0.7340477022626694,0.42861822149488715
2019-08-08 04:00:00,0.3806270658969879,0.3806270658969879,0.42434647724541436,0.42434647724541436,0.2463145560900363
2019-08-08 05:00:00,0.027310840785503387,0.08955640345811844,0.016930120123714604,0.06565656644237831,9.99999999999901e-07
2019-08-08 06:00:00,0.03690037503838539,0.056936513632535934,0.032021716881688436,0.050708908460447295,0.0006546629265680889
2019-08-08 07:00:00,0.3118911683559418,0.39138317108154297,0.19311972373295308,0.19397927106221802,0.7346914167404175
2019-08-08 08:00:00,1.4369486570358276,0.7393609881401062,0.975601655287598,0.6879987528606106,1.631352358033923
2019-08-08 09:00:00,1.9530258178710938,1.9530258178710938,1.4572229926421048,1.4572229926421048,2.5341067207972228
2019-08-08 10:00:00,1.8532395362854004,1.8532395362854004,1.815901734779667,1.815901734779667,2.2861519107818626
2019-08-08 11:00:00,2.260052442550659,2.260052442550659,1.8623497683743324,1.8623497683743324,5.173010257890486
2019-08-08 12:00:00,2.7258474826812744,2.7258474826812744,2.37350255665319,2.37350255665319,3.5776900851461653
2019-08-08 13:00:00,3.3612236976623535,2.9379167556762695,3.2784330275126035,2.3915696925095147,2.6594506950908237
2019-08-08 14:00:00,3.395803928375244,3.040384292602539,3.6385816072542165,2.988682281265646,2.650823696793453
2019-08-08 15:00:00,3.4349923133850098,3.239589214324951,3.4276830382350703,3.362260168986224,4.600203275468617
2019-08-08 16:00:00,2.9804606437683105,3.0484535694122314,3.4026796352943913,3.308284241991748,2.815133059671189
2019-08-08 17:00:00,2.7126877307891846,2.7126877307891846,2.662343830635736,2.662343830635736,2.6081801634152724
2019-08-08 18:00:00,3.191934108734131,3.191934108734131,3.2995872609626296,3.2995872609626296,2.430780164443124
2019-08-08 19:00:00,3.5818910598754883,3.5818910598754883,3.8355393344988515,3.8355393344988515,4.326605914115901
2019-08-08 20:00:00,3.8857672214508057,3.8857672214508057,4.86921905133035,4.86921905133035,2.742474919700623
2019-08-08 21:00:00,3.887105941772461,3.55792498588562,3.812097915563329,4.431793206520913,3.5986395309554178
2019-08-08 22:00:00,3.7154200077056885,4.035743236541748,4.479642423535485,4.901022572201149,3.154848583952583
2019-08-08 23:00:00,3.4493346214294434,3.522184133529663,3.4378082273529533,3.8608300252029313,2.7909453318066064
2019-08-09 00:00:00,2.7182750701904297,2.631063222885132,2.8837356478886265,3.1120370863180002,1.6496131115811665
2019-08-09 01:00:00,1.370854139328003,1.370854139328003,1.173947706388111,1.173947706388111,2.8615892244979015
2019-08-09 02:00:00,0.5388750433921814,0.5388750433921814,0.8235242677089525,0.8235242677089525,0.9748566107754166
2019-08-09 03:00:00,0.21395210921764374,0.21395210921764374,0.33209700048688107,0.33209700048688107,0.4759397790277276
2019-08-09 04:00:00,0.14716607332229614,0.14716607332229614,0.13704432030547606,0.13704432030547606,0.9586916396251264
2019-08-09 05:00:00,0.22419504821300507,0.06868300586938858,0.1083495051115168,0.018306192678035668,0.0854285279596101
2019-08-09 06:00:00,0.09710948914289474,0.07618515938520432,0.03195366496853666,0.04645400600096602,9.99999999999901e-07
2019-08-09 07:00:00,0.5735090970993042,0.83940589427948,0.11974712347444762,0.38941658482343877,0.6400063898726566
2019-08-09 08:00:00,1.2228941917419434,1.3914889097213745,0.7000440976048543,1.1599651421060804,0.8364702517089835
2019-08-09 09:00:00,1.7180070877075195,1.7180070877075195,1.254870872800125,1.254870872800125,1.6410902227723878
2019-08-09 10:00:00,2.40273118019104,2.40273118019104,2.4769059002926443,2.4769059002926443,1.8742001149181777
2019-08-09 11:00:00,3.11879301071167,3.11879301071167,3.628576640819844,3.628576640819844,3.599861050828722
2019-08-09 12:00:00,3.473027467727661,3.473027467727661,4.38654805067434,4.38654805067434,3.652804779879676
2019-08-09 13:00:00,3.3749775886535645,3.2038955688476562,3.0762180346442802,3.8401442716755403,1.953138026460438
2019-08-09 14:00:00,3.304378032684326,3.302992820739746,3.523920539109804,4.137303224862,2.1037952233954527
2019-08-09 15:00:00,3.3606278896331787,3.17110013961792,3.3096511855121804,3.5926969759085248,4.75236764101495
2019-08-09 16:00:00,2.9963741302490234,3.0505564212799072,3.347326696704826,3.1106600646463667,4.023425973076715
2019-08-09 17:00:00,3.3928489685058594,3.3928489685058594,2.828252488169777,2.828252488169777,2.256409337595197
2019-08-09 18:00:00,3.3046326637268066,3.3046326637268066,3.0016933872338414,3.0016933872338414,3.278246029440983
2019-08-09 19:00:00,4.167492866516113,4.167492866516113,3.8188751055163284,3.8188751055163284,3.3102074484617456
2019-08-09 20:00:00,3.909862995147705,3.909862995147705,3.9942567589938247,3.9942567589938247,5.724275687800941
2019-08-09 21:00:00,4.14716100692749,4.0181427001953125,4.204218074228722,3.870057153317196,4.809413726754081
2019-08-09 22:00:00,3.883664846420288,3.6485345363616943,4.38137383989653,4.220354244862151,4.150320687697088
2019-08-09 23:00:00,3.1805992126464844,3.15488338470459,3.1982953559076477,3.3338311386340767,3.4891142770135617
2019-08-10 00:00:00,2.533759117126465,2.4122068881988525,2.5904633573549165,2.6466308772997738,1.7503307248755575
2019-08-10 01:00:00,1.5703552961349487,1.5703552961349487,1.2559304399118634,1.2559304399118634,1.0810691149397964
2019-08-10 02:00:00,0.6340746283531189,0.6340746283531189,0.9937993964753185,0.9937993964753185,0.9725598317680378
2019-08-10 03:00:00,0.30155521631240845,0.30155521631240845,0.33459674225980857,0.33459674225980857,0.8776776917355852
2019-08-10 04:00:00,0.30719757080078125,0.30719757080078125,0.1951442895611332,0.1951442895611332,0.60433605414539
2019-08-10 05:00:00,0.07880554348230362,0.1435232311487198,0.03032850893902189,0.029668724899947634,0.3566862218119305
2019-08-10 06:00:00,0.06777386367321014,0.09788425266742706,0.015679667746182808,0.055599567513902944,9.99999999999901e-07
2019-08-10 07:00:00,0.5113282799720764,0.6532235145568848,0.24308342748265283,0.509028032398457,0.25950608401870834
2019-08-10 08:00:00,1.0260629653930664,0.7728817462921143,0.9246895005204462,1.1570920963363103,0.12169483245256257
2019-08-10 09:00:00,1.112477421760559,1.112477421760559,0.7537356569822385,0.7537356569822385,0.7847214451264273
2019-08-10 10:00:00,1.799786925315857,1.799786925315857,2.1214720836763585,2.1214720836763585,3.988940188948736
2019-08-10 11:00:00,2.820101261138916,2.820101261138916,3.4143847551052713,3.4143847551052713,4.325820695167541
2019-08-10 12:00:00,3.288534164428711,3.288534164428711,4.942254189579341,4.942254189579341,4.521557665740547
2019-08-10 13:00:00,4.414840221405029,3.747903347015381,4.1665973217072505,4.473790473533002,3.4664582505336297
2019-08-10 14:00:00,3.9838948249816895,3.4330599308013916,4.002332981401664,4.584300748767476,2.946445691003165
2019-08-10 15:00:00,3.200641632080078,3.4497029781341553,3.436619119857011,3.7699538315425487,3.649354798465729
2019-08-10 16:00:00,3.2216687202453613,3.070929765701294,3.624751123385381,3.468310310234362,4.185653694555918
2019-08-10 17:00:00,3.710968494415283,3.710968494415283,3.087613344275088,3.087613344275088,3.451948556624938
2019-08-10 18:00:00,3.7733254432678223,3.7733254432678223,3.7172364633472785,3.7172364633472785,1.7245710031513655
2019-08-10 19:00:00,4.015033721923828,4.015033721923828,4.600973748624553,4.600973748624553,3.1184677464171524
2019-08-10 20:00:00,4.427944183349609,4.427944183349609,4.885028774195857,4.885028774195857,4.335680666118622
2019-08-10 21:00:00,4.01843786239624,4.329439640045166,4.0934488164009,4.705704157050622,6.008442998918322
2019-08-10 22:00:00,3.865267038345337,3.7449347972869873,4.153734882003193,4.407313153626323,7.146833895747297
2019-08-10 23:00:00,3.6380679607391357,3.4539737701416016,3.221494120076513,3.4252146662434155,4.01692730053838
2019-08-11 00:00:00,2.470691680908203,2.7125396728515625,2.571009136139603,2.602244243081939,3.8252739201126085
2019-08-11 01:00:00,2.253443717956543,2.253443717956543,1.9834262469670376,1.9834262469670376,2.5538382283426926
2019-08-11 02:00:00,1.117677092552185,1.117677092552185,1.337864446241065,1.337864446241065,0.9322848867526579
2019-08-11 03:00:00,0.6352441310882568,0.6352441310882568,0.6956619893119479,0.6956619893119479,1.7036409717881942
2019-08-11 04:00:00,0.3660995066165924,0.3660995066165924,0.38575807903018355,0.38575807903018355,0.24632638609186827
2019-08-11 05:00:00,0.05771473050117493,0.1405191570520401,0.04771028875885008,0.11831342808019535,0.27199735895835137
2019-08-11 06:00:00,0.06684000045061111,0.10238166153430939,0.04028719063392048,0.08038025029536423,0.0884207470898103
2019-08-11 07:00:00,0.10004712641239166,0.149325892329216,0.10691271353384672,0.15955162712828794,9.99999999999901e-07
2019-08-11 08:00:00,0.3582078814506531,0.5261214971542358,0.48442862009439436,0.4852727031122281,0.4575523072246981
2019-08-11 09:00:00,0.9949833154678345,0.9949833154678345,1.145098239471304,1.145098239471304,1.376087586032447
2019-08-11 10:00:00,2.561434268951416,2.561434268951416,2.528557245123731,2.528557245123731,2.513299357976279
2019-08-11 11:00:00,3.5782501697540283,3.5782501697540283,2.577081628664593,2.577081628664593,4.486280170631833
2019-08-11 12:00:00,3.1658782958984375,3.1658782958984375,3.1909196536820357,3.1909196536820357,5.261592388068727
2019-08-11 13:00:00,4.360525131225586,3.5189943313598633,4.196395785954238,3.4086337454366915,6.6215198821178
2019-08-11 14:00:00,4.353045463562012,3.6621639728546143,4.379017895121226,3.926531188285639,6.224729111269204
2019-08-11 15:00:00,4.255658149719238,3.4818649291992188,3.866534290634966,3.411765074444123,5.816644360966572
2019-08-11 16:00:00,3.487863302230835,2.8830933570861816,4.117309194750756,3.527232949169971,3.8046619971915363
2019-08-11 17:00:00,3.824556827545166,3.824556827545166,3.8184910990170855,3.8184910990170855,3.047009698041705
2019-08-11 18:00:00,3.380429983139038,3.380429983139038,4.284648605854342,4.284648605854342,3.6452993356073162
2019-08-11 19:00:00,4.466521263122559,4.466521263122559,4.962673664480019,4.962673664480019,3.9925127188368936
2019-08-11 20:00:00,5.366058349609375,5.366058349609375,6.269477299113204,6.269477299113204,4.0934430524300485
2019-08-11 21:00:00,5.359859943389893,5.348455905914307,4.604619913323792,6.152463519611816,3.426418992901273
2019-08-11 22:00:00,5.178290843963623,5.022736072540283,5.3682050631720255,5.833886604789635,4.073227641561718
2019-08-11 23:00:00,4.423049449920654,4.777277946472168,3.9175178833254765,5.076420525687491,4.179944111813866
2019-08-12 00:00:00,3.908334255218506,3.510352849960327,3.404967605202089,3.8287252557072255,2.7735795292540657
2019-08-12 01:00:00,2.0376548767089844,2.0376548767089844,1.8678351066586234,1.8678351066586234,1.532664279387156
2019-08-12 02:00:00,1.4465042352676392,1.4465042352676392,1.4345534503264448,1.4345534503264448,0.5645752464298671
2019-08-12 03:00:00,0.8238956928253174,0.8238956928253174,0.7335121073508738,0.7335121073508738,0.549134525585598
2019-08-12 04:00:00,0.31221747398376465,0.31221747398376465,0.355922878317771,0.355922878317771,0.12871216535080757
2019-08-12 05:00:00,0.031018037348985672,0.20444567501544952,0.03335602446751906,0.13445865600064463,0.4357986095220773
2019-08-12 06:00:00,0.04522871971130371,0.06281478703022003,0.059115095438707875,0.10642149954024001,9.99999999999901e-07
2019-08-12 07:00:00,0.21761354804039001,0.11424696445465088,0.19577527525183888,0.10302504512929375,1.1209124145088187
2019-08-12 08:00:00,1.2953875064849854,0.5707401037216187,0.9922812810137731,0.4392831368135469,1.0796319139484822
2019-08-12 09:00:00,1.580170750617981,1.580170750617981,1.6110276523428717,1.6110276523428717,1.6855524718712693
2019-08-12 10:00:00,2.2218029499053955,2.2218029499053955,2.771078369338384,2.771078369338384,2.1954619087223457
2019-08-12 11:00:00,3.010829210281372,3.010829210281372,2.9720456779307343,2.9720456779307343,1.550368138122983
2019-08-12 12:00:00,3.1721131801605225,3.1721131801605225,3.6217409036385075,3.6217409036385075,1.9652773271882802
2019-08-12 13:00:00,2.6365249156951904,3.5703020095825195,2.184002022321361,3.5050439264483977,1.2188712160432602
2019-08-12 14:00:00,2.8373727798461914,3.806776762008667,2.8165759651796765,4.098378102017318,6.038285584481979
2019-08-12 15:00:00,3.336414337158203,4.125307083129883,2.9321388634017063,3.9398216796306134,3.0404609197938695
2019-08-12 16:00:00,3.070181369781494,3.257571220397949,3.0457788798071137,3.6127159222781353,2.7032296948225207
2019-08-12 17:00:00,3.302530527114868,3.302530527114868,2.2878998773027757,2.2878998773027757,2.061519659932878
2019-08-12 18:00:00,3.3489022254943848,3.3489022254943848,2.9951159681081565,2.9951159681081565,4.330355133099448
2019-08-12 19:00:00,3.4569716453552246,3.4569716453552246,3.364115232389309,3.364115232389309,5.749365484736125
2019-08-12 20:00:00,3.898315191268921,3.898315191268921,4.053631846771889,4.053631846771889,2.860260752657148
2019-08-12 21:00:00,4.054036617279053,4.367099761962891,3.203087063150813,4.08096833814866,4.422437776534183
2019-08-12 22:00:00,4.134191036224365,4.540860652923584,4.247690810503405,4.184758186814702,3.345696111340416
2019-08-12 23:00:00,3.214010238647461,3.281744956970215,3.3060469284769582,3.5565153376846754,3.82202267011049
2019-08-13 00:00:00,2.4450137615203857,2.2598021030426025,2.5729377065407353,2.7320539249179214,2.191278851604462
2019-08-13 01:00:00,1.5460600852966309,1.5460600852966309,1.2625049362775165,1.2625049362775165,1.2675659368620982
2019-08-13 02:00:00,0.8298319578170776,0.8298319578170776,0.9036063451357582,0.9036063451357582,0.40673294227388296
2019-08-13 03:00:00,0.3558726906776428,0.3558726906776428,0.3672550200126497,0.3672550200126497,0.4298935825983692
2019-08-13 04:00:00,0.12022174149751663,0.12022174149751663,0.1496049955395876,0.1496049955395876,0.4705995534578976
2019-08-13 05:00:00,0.10707160830497742,0.13003294169902802,0.02869049708531127,0.03463649223398735,0.10574160754903239
2019-08-13 06:00:00,0.03517439216375351,0.06766271591186523,0.020889262757222596,0.07479528320640653,9.99999999999901e-07
2019-08-13 07:00:00,0.5118522047996521,0.6969696879386902,0.29987776517339754,0.6012341954177558,0.7888220287217033
2019-08-13 08:00:00,1.2923310995101929,1.1529608964920044,1.147602058615587,1.0843890325979066,1.6326451692475195
2019-08-13 09:00:00,1.8200194835662842,1.8200194835662842,1.7200377416864274,1.7200377416864274,0.5603725838873139
2019-08-13 10:00:00,2.2527761459350586,2.2527761459350586,2.789931317868693,2.789931317868693,0.628003414302402
2019-08-13 11:00:00,2.420283555984497,2.420283555984497,2.764980163374047,2.764980163374047,3.716308058632748
2019-08-13 12:00:00,2.9198338985443115,2.9198338985443115,3.3620901112690045,3.3620901112690045,2.050021077240838
2019-08-13 13:00:00,2.730907678604126,3.532895088195801,2.1206652047894665,2.9124195643933106,2.9238772756152684
2019-08-13 14:00:00,3.105832576751709,3.178485870361328,3.1684669911584797,3.205564250437695,2.333232057465446
2019-08-13 15:00:00,3.463745594024658,3.257066249847412,3.111859282400893,3.3600019406436257,1.3701001932462062
2019-08-13 16:00:00,3.0466766357421875,3.2888729572296143,2.8803272129589637,3.0309024906703135,2.8591996678352367
2019-08-13 17:00:00,2.999718427658081,2.999718427658081,2.230787437032031,2.230787437032031,2.315387502034505
2019-08-13 18:00:00,3.51804256439209,3.51804256439209,2.716115774176049,2.716115774176049,2.948355996947817
2019-08-13 19:00:00,3.9489023685455322,3.9489023685455322,3.6526593870646913,3.6526593870646913,4.764623603333372
2019-08-13 20:00:00,3.913090944290161,3.913090944290161,3.6537112456283976,3.6537112456283976,4.494866549226976
2019-08-13 21:00:00,4.495386123657227,3.7998428344726562,3.9259404001210836,3.8794070686153037,4.717773471948837
2019-08-13 22:00:00,4.200601577758789,3.9659950733184814,4.090439659958249,4.042249565336392,6.531868526109061
2019-08-13 23:00:00,3.3253424167633057,3.092400550842285,3.234574054279882,2.9196638439809224,4.647828352748024
2019-08-14 00:00:00,2.3406386375427246,2.342050313949585,2.320758359447541,2.2692189410347687,2.5112223668844416
2019-08-14 01:00:00,1.6167112588882446,1.6167112588882446,1.2925491051660025,1.2925491051660025,1.4610349490911674
2019-08-14 02:00:00,0.9834153652191162,0.9834153652191162,0.7908121514758212,0.7908121514758212,0.5972163597640979
2019-08-14 03:00:00,0.2572703957557678,0.2572703957557678,0.3368342272874878,0.3368342272874878,0.17822783330323771
2019-08-14 04:00:00,0.11833363026380539,0.11833363026380539,0.1656842222519786,0.1656842222519786,0.16670767025460054
2019-08-14 05:00:00,0.016033299267292023,0.057668209075927734,0.0020292627563794066,0.01387686218596606,0.3272175553326073
2019-08-14 06:00:00,0.04185400903224945,0.057886067777872086,0.038630221912179775,0.07162385058429224,9.99999999999901e-07
2019-08-14 07:00:00,0.7356600165367126,0.5185508131980896,0.6612739616844112,0.8447499823082246,2.5703800572505515
2019-08-14 08:00:00,1.7387778759002686,1.4818159341812134,1.7381708642778597,1.681409220714463,2.0629005016543074
2019-08-14 09:00:00,1.75213623046875,1.75213623046875,1.3197951377617538,1.3197951377617538,0.7821966098259818
2019-08-14 10:00:00,2.0022521018981934,2.0022521018981934,1.80581971805506,1.80581971805506,2.0160907200923495
2019-08-14 11:00:00,2.7886030673980713,2.7886030673980713,2.0701726671779266,2.0701726671779266,4.969202113575829
2019-08-14 12:00:00,2.7178683280944824,2.7178683280944824,2.645328192939956,2.645328192939956,2.644281114557476
2019-08-14 13:00:00,2.755352735519409,2.316089630126953,2.714666000821975,2.730064756865519,3.0838602231665737
2019-08-14 14:00:00,2.943319082260132,2.5769855976104736,3.6384305651861393,3.3206537839074515,3.7808255812225293
2019-08-14 15:00:00,3.3183064460754395,3.2156434059143066,3.7647967132826436,3.8271573553582328,3.951600188616009
2019-08-14 16:00:00,2.9672324657440186,3.1127424240112305,3.5152945272960907,3.69391645442043,3.6162568626831932
2019-08-14 17:00:00,3.43587064743042,3.43587064743042,3.0327965470821474,3.0327965470821474,3.5104326925811766
2019-08-14 18:00:00,3.300313711166382,3.300313711166382,3.5506265960300922,3.5506265960300922,3.670553163910334
2019-08-14 19:00:00,4.106806755065918,4.106806755065918,4.741997851966985,4.741997851966985,4.8443106686278465
2019-08-14 20:00:00,4.5458269119262695,4.5458269119262695,4.9468101676319725,4.9468101676319725,3.6948370868899008
2019-08-14 21:00:00,4.3972039222717285,4.606196403503418,4.1653871299342935,5.170194643498724,4.192914415815567
2019-08-14 22:00:00,4.632885456085205,4.783649921417236,4.728798192700592,5.1991558554039665,4.9756420030068345
2019-08-14 23:00:00,3.429098606109619,3.698396921157837,3.660653592786377,3.706653483399822,4.626177608448028
2019-08-15 00:00:00,2.5944271087646484,2.751345157623291,2.5267503628833716,2.7271977673727563,3.053894889926909
2019-08-15 01:00:00,1.926509141921997,1.926509141921997,1.4965788812649023,1.4965788812649023,1.7752508633401658
2019-08-15 02:00:00,0.9970704913139343,0.9970704913139343,0.9237864407969825,0.9237864407969825,0.8329573852433096
2019-08-15 03:00:00,0.3991813361644745,0.3991813361644745,0.36584825159206474,0.36584825159206474,0.4425312515682651
2019-08-15 04:00:00,0.12479430437088013,0.12479430437088013,0.1449744863746441,0.1449744863746441,0.4382135290887606
2019-08-15 05:00:00,0.06600039452314377,0.09802346676588058,0.02014457590767609,0.015920223508559837,0.15663966867616488
2019-08-15 06:00:00,0.0329522006213665,0.0658431425690651,0.0197629534879832,0.05879069081273069,9.99999999999901e-07
2019-08-15 07:00:00,0.8041274547576904,0.8446817398071289,0.39195281590192277,0.7987115276062854,1.2552308030022497
2019-08-15 08:00:00,1.8674641847610474,2.139594078063965,1.2354582771314038,1.58015077265769,1.9549866441726687
2019-08-15 09:00:00,1.8965120315551758,1.8965120315551758,1.4984698801542171,1.4984698801542171,0.8768289478831826
2019-08-15 10:00:00,2.0398199558258057,2.0398199558258057,2.2403119120866837,2.2403119120866837,1.4491828609890383
2019-08-15 11:00:00,2.7623467445373535,2.7623467445373535,2.4010727212157468,2.4010727212157468,1.7859070000966388
2019-08-15 12:00:00,2.955765724182129,2.955765724182129,3.0388845834600895,3.0388845834600895,1.532090833971236
2019-08-15 13:00:00,2.1891376972198486,3.307628870010376,1.8046854075703394,2.879721628729402,3.2269098926120314
2019-08-15 14:00:00,2.7259268760681152,3.2895705699920654,2.6184515702649542,3.3796959875355506,5.04803373469247
2019-08-15 15:00:00,2.9848930835723877,3.3150172233581543,2.932438145903103,3.743750865082769,3.5399827016194654
2019-08-15 16:00:00,3.1367194652557373,3.6586990356445312,3.1699505373352737,3.5547846670734424,4.693534941747454
2019-08-15 17:00:00,3.840331792831421,3.840331792831421,3.0540185614269304,3.0540185614269304,2.4875613019625358
2019-08-15 18:00:00,3.595189094543457,3.595189094543457,3.108357935825673,3.108357935825673,3.660437694062129
2019-08-15 19:00:00,4.015865325927734,4.015865325927734,3.610360371919596,3.610360371919596,4.642942833953432
2019-08-15 20:00:00,4.251397609710693,4.251397609710693,4.368946529979464,4.368946529979464,4.024190854803721
2019-08-15 21:00:00,4.788293838500977,4.700739860534668,3.9422409369925098,4.364601875351755,4.263488275729283
2019-08-15 22:00:00,4.718271732330322,4.972982406616211,4.641688379646214,4.955346278128673,4.981532141409977
2019-08-15 23:00:00,3.826321840286255,3.9855620861053467,3.880540085676622,3.914391388085537,4.031479133860272
2019-08-16 00:00:00,3.0213029384613037,3.1266605854034424,2.928103679484667,3.1108901776731073,3.725151641401081
2019-08-16 01:00:00,2.194579601287842,2.194579601287842,2.067965236324022,2.067965236324022,1.9257548599989147
2019-08-16 02:00:00,1.3404552936553955,1.3404552936553955,1.318890045783172,1.318890045783172,0.33607627926974837
2019-08-16 03:00:00,0.4696243107318878,0.4696243107318878,0.6430375911505619,0.6430375911505619,0.2938436136144016
2019-08-16 04:00:00,0.2104138731956482,0.2104138731956482,0.31216214846466195,0.31216214846466195,0.24746761156760427
2019-08-16 05:00:00,0.03497142717242241,0.06448318064212799,0.011750434421646954,0.04275498834700643,0.031736332946778315
2019-08-16 06:00:00,0.05997088924050331,0.06779949367046356,0.033692317534016324,0.050896290367954046,9.99999999999901e-07
2019-08-16 07:00:00,0.5738009214401245,0.40577539801597595,0.3806232770811117,0.4254644782459446,1.4588513881581642
2019-08-16 08:00:00,1.6846163272857666,1.5952329635620117,1.6280885173698123,1.1870143700555862,1.3905408013559977
2019-08-16 09:00:00,1.7763162851333618,1.7763162851333618,1.5237684342641582,1.5237684342641582,0.9622226121482862
2019-08-16 10:00:00,1.963316559791565,1.963316559791565,2.1197082148339526,2.1197082148339526,2.1501002198329533
2019-08-16 11:00:00,2.3318750858306885,2.3318750858306885,2.0983060428824447,2.0983060428824447,2.746150751252066
2019-08-16 12:00:00,2.6783595085144043,2.6783595085144043,2.7402482369338634,2.7402482369338634,2.484396865357718
2019-08-16 13:00:00,2.9200923442840576,3.1590397357940674,2.385742725578413,2.516588441249878,2.6901461341968105
2019-08-16 14:00:00,3.0734872817993164,2.995309829711914,3.3564096753919483,3.0745185209420285,5.531796524366167
2019-08-16 15:00:00,3.122687578201294,3.270697832107544,3.2570825571413535,3.5883342092857737,6.253693678178152
2019-08-16 16:00:00,3.0045735836029053,3.2613885402679443,3.0380910993266776,3.493467897311917,4.402734743521377
2019-08-16 17:00:00,3.531161308288574,3.531161308288574,3.0177881702810065,3.0177881702810065,5.880525313038724
2019-08-16 18:00:00,3.429561138153076,3.429561138153076,3.3853526663315803,3.3853526663315803,5.228859083451589
2019-08-16 19:00:00,4.2149224281311035,4.2149224281311035,4.190067349425462,4.190067349425462,4.7188036465861
2019-08-16 20:00:00,4.378495216369629,4.378495216369629,4.691930178756765,4.691930178756765,5.286418549866573
2019-08-16 21:00:00,4.558715343475342,4.635388374328613,4.513214735951983,4.475624604188796,5.531185446601867
2019-08-16 22:00:00,4.7345075607299805,4.927160739898682,4.876943428114411,4.80903411318898,6.587067825243636
2019-08-16 23:00:00,4.038717269897461,4.01638650894165,3.804168540387256,3.6257414150669365,4.740452720324622
2019-08-17 00:00:00,3.176847219467163,3.147444248199463,3.0102866657831804,2.9422834272138787,2.069226109812419
2019-08-17 01:00:00,1.3736810684204102,1.3736810684204102,1.2563625024609963,1.2563625024609963,1.275199641599021
2019-08-17 02:00:00,0.8672568798065186,0.8672568798065186,1.0103318675426425,1.0103318675426425,0.4881666684260907
2019-08-17 03:00:00,0.233340784907341,0.233340784907341,0.33197017833938136,0.33197017833938136,0.6225225577146744
2019-08-17 04:00:00,0.13724900782108307,0.13724900782108307,0.1453010207028433,0.1453010207028433,0.18231313816748826
2019-08-17 05:00:00,0.014068175107240677,0.11031226813793182,0.009303573860282372,0.028285107726311622,0.24245516462368513
2019-08-17 06:00:00,0.05225479230284691,0.09724730253219604,0.06858410710047112,0.08750200988879026,9.99999999999901e-07
2019-08-17 07:00:00,0.880871057510376,1.1775721311569214,0.7557364909371992,0.8890789335003065,0.15551102786636453
2019-08-17 08:00:00,1.9885059595108032,1.7139296531677246,1.7791156914035802,1.4813798516945722,0.09840580602264448
2019-08-17 09:00:00,1.137872338294983,1.137872338294983,1.1766091243196808,1.1766091243196808,0.25612147182930795
2019-08-17 10:00:00,2.167722463607788,2.167722463607788,3.058820374160383,3.058820374160383,2.709302061325074
2019-08-17 11:00:00,2.7901856899261475,2.7901856899261475,3.5306978489678196,3.5306978489678196,3.449691389561122
2019-08-17 12:00:00,3.269148349761963,3.269148349761963,4.113306625861273,4.113306625861273,2.915584973473445
2019-08-17 13:00:00,3.6594672203063965,3.437605142593384,3.655527184952886,4.27258191443981,3.8789427505709333
2019-08-17 14:00:00,3.6979198455810547,3.5002384185791016,3.898869956306838,4.546784503117334,5.5631198853814885
2019-08-17 15:00:00,3.4519050121307373,3.4801716804504395,3.3918679917436236,3.666867564283178,5.1946941859037565
2019-08-17 16:00:00,3.227303981781006,3.096172571182251,3.4041095220076225,3.6202549872013923,2.8753105563909744
2019-08-17 17:00:00,3.6676506996154785,3.6676506996154785,2.792542444324382,2.792542444324382,2.228411416319107
2019-08-17 18:00:00,3.6563560962677,3.6563560962677,3.5769851927204317,3.5769851927204317,1.7838644742440135
2019-08-17 19:00:00,3.3323676586151123,3.3323676586151123,4.197427069536482,4.197427069536482,4.337297051440767
2019-08-17 20:00:00,4.675861835479736,4.675861835479736,4.877689229492326,4.877689229492326,6.166592140622038
2019-08-17 21:00:00,5.1037468910217285,4.745573043823242,4.710650244295474,4.837094633248429,6.200826752578313
2019-08-17 22:00:00,4.861549377441406,4.550816059112549,4.9470865557679335,4.929311765633736,3.980118242836424
2019-08-17 23:00:00,4.030673980712891,4.137350082397461,3.450504406257349,3.908773104914643,3.878958249887251
2019-08-18 00:00:00,2.5372047424316406,2.5946619510650635,2.7123068003088227,2.9614588003148343,2.3350684145613787
2019-08-18 01:00:00,1.5818593502044678,1.5818593502044678,1.1563582450759955,1.1563582450759955,2.6374959425930444
2019-08-18 02:00:00,0.8493137359619141,0.8493137359619141,0.9796132597502881,0.9796132597502881,2.1023041997595895
2019-08-18 03:00:00,0.3520689904689789,0.3520689904689789,0.42073076266731557,0.42073076266731557,1.1903698368076752
2019-08-18 04:00:00,0.18685926496982574,0.18685926496982574,0.20238138136436282,0.20238138136436282,0.397077976068286
2019-08-18 05:00:00,0.12153779715299606,0.16742782294750214,0.14337259599397037,0.07312877232440684,0.4002061659393323
2019-08-18 06:00:00,0.09393753856420517,0.15885019302368164,0.05026717787753097,0.12950229620062179,0.21100861201858612
2019-08-18 07:00:00,0.10220186412334442,0.290296345949173,0.1545735237184477,0.36744287966611844,0.36100733440229704
2019-08-18 08:00:00,0.09480906277894974,0.41999131441116333,0.26743031813435225,0.6563434843866879,9.99999999999901e-07
2019-08-18 09:00:00,0.32460644841194153,0.32460644841194153,0.43869221875142206,0.43869221875142206,0.512017305650077
2019-08-18 10:00:00,1.5022621154785156,1.5022621154785156,2.2883364419622736,2.2883364419622736,3.91695599735091
2019-08-18 11:00:00,2.0080201625823975,2.0080201625823975,3.327932519850934,3.327932519850934,6.450749859428829
2019-08-18 12:00:00,2.622668981552124,2.622668981552124,5.354501902412594,5.354501902412594,7.680814503617178
2019-08-18 13:00:00,5.161540508270264,3.971003532409668,5.519829624013098,4.8771041949701335,10.015369751665757
2019-08-18 14:00:00,5.057475566864014,3.870539903640747,6.007511354571758,5.3891262225860626,9.498401731385547
2019-08-18 15:00:00,4.857621192932129,3.5277998447418213,4.9738318161637975,4.695462163035159,6.1728529651328135
2019-08-18 16:00:00,3.3204212188720703,2.793494701385498,4.818396401773875,4.37710490122724,3.7553142004970965
2019-08-18 17:00:00,3.6651785373687744,3.6651785373687744,4.390894099834634,4.390894099834634,3.4385311133812784
2019-08-18 18:00:00,3.9936940670013428,3.9936940670013428,5.255113151973434,5.255113151973434,4.183482495689815
2019-08-18 19:00:00,4.683460235595703,4.683460235595703,6.587915520125459,6.587915520125459,7.888332778984073
2019-08-18 20:00:00,5.207518100738525,5.207518100738525,6.367579109936323,6.367579109936323,5.184308335654362
2019-08-18 21:00:00,5.169132232666016,5.153238773345947,5.603772357143869,6.668849046916051,4.694392335447098
2019-08-18 22:00:00,4.596831798553467,5.084316730499268,5.625962734999307,5.876724107881069,3.8754049753511217
2019-08-18 23:00:00,3.845996618270874,4.175266265869141,4.099088951479441,4.474203636036762,2.6736478648295936
2019-08-19 00:00:00,3.172093391418457,3.137660264968872,3.142564421673638,3.015933428594844,2.101290473101298
2019-08-19 01:00:00,1.513919711112976,1.513919711112976,1.4151075606870935,1.4151075606870935,1.0393618101124238
2019-08-19 02:00:00,1.0848397016525269,1.0848397016525269,0.8975438059608621,0.8975438059608621,0.7808243897760169
2019-08-19 03:00:00,0.540447473526001,0.540447473526001,0.3730836404390156,0.3730836404390156,0.22884397264098943
2019-08-19 04:00:00,0.2705632150173187,0.2705632150173187,0.1450077752106383,0.1450077752106383,0.23371238987223242
2019-08-19 05:00:00,0.04337577149271965,0.08668512850999832,0.08213513695780027,0.13252172974763918,9.99999999999901e-07
2019-08-19 06:00:00,0.10340433567762375,0.14581157267093658,0.48205955567683273,0.37419879423440633,0.3814204451141361
2019-08-19 07:00:00,0.5243949294090271,0.4942261576652527,1.4512583442077065,0.8414710288973759,1.0014287529207877
2019-08-19 08:00:00,1.4462989568710327,1.3608543872833252,1.4330810709386002,1.3046693122538242,1.4815619734768335
2019-08-19 09:00:00,2.2875776290893555,2.2875776290893555,1.6567884730822549,1.6567884730822549,3.6127618043268
2019-08-19 10:00:00,3.3435516357421875,3.3435516357421875,3.2924478395894936,3.2924478395894936,5.628867506525675
2019-08-19 11:00:00,3.886777877807617,3.886777877807617,4.328316064327615,4.328316064327615,3.709222525162593
2019-08-19 12:00:00,4.247397422790527,4.247397422790527,4.495227375560248,4.495227375560248,6.332022908189984
2019-08-19 13:00:00,5.35518741607666,3.8888895511627197,5.109228585254876,4.316788500876288,5.067241450924767
2019-08-19 14:00:00,4.250844478607178,4.037096977233887,5.153785198225273,5.010474500615675,4.119592441442701
2019-08-19 15:00:00,4.038857460021973,3.881873846054077,4.2961525057431045,4.602268669664264,3.1732757008662786
2019-08-19 16:00:00,3.772970199584961,3.2239630222320557,4.430419714862964,4.053466506224786,3.153283304638759
2019-08-19 17:00:00,3.695563793182373,3.695563793182373,3.53070239803225,3.53070239803225,2.023019863542345
2019-08-19 18:00:00,4.571225166320801,4.571225166320801,5.305237720197926,5.305237720197926,5.265846525001946
2019-08-19 19:00:00,5.077450752258301,5.077450752258301,5.493754959164139,5.493754959164139,8.23269276041497
2019-08-19 20:00:00,4.984257221221924,4.984257221221924,5.086785866927269,5.086785866927269,4.293626832104156
2019-08-19 21:00:00,4.3929219245910645,4.671708106994629,3.9942605740505615,4.8107870907598524,4.513936725129444
2019-08-19 22:00:00,3.926030158996582,4.065428256988525,3.717092360750152,4.1502909764199485,4.021196723874836
2019-08-19 23:00:00,2.5912091732025146,2.6208486557006836,2.5817326288031017,2.9723426819631067,3.5504958649215688
2019-08-20 00:00:00,2.0268306732177734,2.0148203372955322,1.744991780321258,1.9437940417777244,3.328435666582739
2019-08-20 01:00:00,1.9467260837554932,1.9467260837554932,1.738953663635897,1.738953663635897,2.2558354106271525
2019-08-20 02:00:00,0.9994764924049377,0.9994764924049377,0.8185059016595764,0.8185059016595764,0.5091178331379361
2019-08-20 03:00:00,0.32103872299194336,0.32103872299194336,0.435264222217681,0.435264222217681,0.7473920263824466
2019-08-20 04:00:00,0.08756563067436218,0.08756563067436218,0.04636116065731507,0.04636116065731507,0.2901501695425243
2019-08-20 05:00:00,0.02665136568248272,0.14557500183582306,0.007197634929204916,0.021218599119327202,0.048172555934481824
2019-08-20 06:00:00,0.11193812638521194,0.29797759652137756,0.1127302222655571,0.23383943133227716,9.99999999999901e-07
2019-08-20 07:00:00,0.5384777784347534,0.6207393407821655,0.43433110271629444,0.6314728398407261,1.0137646675961813
2019-08-20 08:00:00,1.356286883354187,1.6219799518585205,1.1585537261411762,1.310146120725304,1.9176580075586078
2019-08-20 09:00:00,2.691368341445923,2.691368341445923,2.705021554583738,2.705021554583738,1.192706668525696
2019-08-20 10:00:00,3.714881658554077,3.714881658554077,4.807656589930823,4.807656589930823,1.297362331751082
2019-08-20 11:00:00,4.769948482513428,4.769948482513428,5.112065479212394,5.112065479212394,1.7799449146804809
2019-08-20 12:00:00,4.283910751342773,4.283910751342773,5.194057615943899,5.194057615943899,1.1825245843043848
2019-08-20 13:00:00,2.180083990097046,3.9335715770721436,1.8289844908566064,5.106268966802384,3.271430219438766
2019-08-20 14:00:00,2.7445638179779053,3.7610220909118652,2.8226698793511704,4.996536250724584,2.3920231676105916
2019-08-20 15:00:00,2.617657423019409,3.2473576068878174,3.0311926213498483,4.510254082617213,4.509723057005561
2019-08-20 16:00:00,2.827266216278076,3.233400821685791,3.023586126187649,3.700495735194152,3.915343689389126
2019-08-20 17:00:00,3.4109556674957275,3.4109556674957275,2.4794891543494737,2.4794891543494737,3.1314916075604713
2019-08-20 18:00:00,3.3465967178344727,3.3465967178344727,2.849722546344092,2.849722546344092,0.9726194168942771
2019-08-20 19:00:00,4.40742826461792,4.40742826461792,4.112697579422618,4.112697579422618,4.151943724304198
2019-08-20 20:00:00,4.835277557373047,4.835277557373047,4.481581411001421,4.481581411001421,4.295328060701582
2019-08-20 21:00:00,4.448950290679932,4.49351167678833,3.918829808182163,4.412502002670874,4.864823077128089
2019-08-20 22:00:00,4.390787601470947,4.521089553833008,4.257655006942637,4.892462366456078,4.217443834305233
2019-08-20 23:00:00,3.7823166847229004,4.057470321655273,3.6937805606538308,3.4543214995204723,3.2934438065215215
2019-08-21 00:00:00,3.3432295322418213,3.1234259605407715,2.8341551138801253,2.8383403457218632,2.56248347795317
2019-08-21 01:00:00,1.9804655313491821,1.9804655313491821,1.6857935500081105,1.6857935500081105,1.1124558363600843
2019-08-21 02:00:00,0.9562836289405823,0.9562836289405823,1.019114067922045,1.019114067922045,1.7165280830069658
2019-08-21 03:00:00,0.5808738470077515,0.5808738470077515,0.5374009453954914,0.5374009453954914,0.30123597453477785
2019-08-21 04:00:00,0.2323792576789856,0.2323792576789856,0.26031675077446526,0.26031675077446526,0.15821366690572228
2019-08-21 05:00:00,0.014945544302463531,0.046109024435281754,0.004910975160591316,0.025268111148876032,9.99999999999901e-07
2019-08-21 06:00:00,0.045581698417663574,0.05767425522208214,0.04478346853234389,0.05250871911043675,0.005720554097919072
2019-08-21 07:00:00,0.5224671363830566,0.4388459324836731,0.5289790342498338,0.5434692117672185,1.28018180667072
2019-08-21 08:00:00,1.5014747381210327,1.632909893989563,1.4892086388256456,1.5062596841441154,1.9945595238265983
2019-08-21 09:00:00,1.9353983402252197,1.9353983402252197,1.3441365915210386,1.3441365915210386,1.0192761665984265
2019-08-21 10:00:00,1.7867794036865234,1.7867794036865234,1.8463724859361306,1.8463724859361306,1.7707924403936588
2019-08-21 11:00:00,2.424072742462158,2.424072742462158,2.109578514901949,2.109578514901949,2.3247315530145447
2019-08-21 12:00:00,2.7375540733337402,2.7375540733337402,2.5266603460560337,2.5266603460560337,2.241073688888977
2019-08-21 13:00:00,2.4558727741241455,3.0498931407928467,2.25462618797596,2.5702905261983298,2.4219429159804453
2019-08-21 14:00:00,2.9025111198425293,3.180293083190918,2.8417787552750293,3.0585628342813282,2.3850200037218765
2019-08-21 15:00:00,2.907215118408203,3.54120135307312,3.0243487977643206,3.4453634454093383,6.203252897559696
2019-08-21 16:00:00,2.9899702072143555,3.0497710704803467,2.8441842517491884,3.3293148717864556,2.62938913718372
2019-08-21 17:00:00,2.2676069736480713,2.2676069736480713,2.618328483211752,2.618328483211752,1.4565887259275672
2019-08-21 18:00:00,2.867466688156128,2.867466688156128,2.8821591438202905,2.8821591438202905,2.8627389986466345
2019-08-21 19:00:00,3.570054531097412,3.570054531097412,3.7191024202788436,3.7191024202788436,4.342620555613202
2019-08-21 20:00:00,4.175782680511475,4.175782680511475,4.118615970569949,4.118615970569949,2.2065287297465046
2019-08-21 21:00:00,3.6327433586120605,4.345269680023193,3.5539049366401168,4.2852445881642485,2.2686335022082877
2019-08-21 22:00:00,3.7091493606567383,4.365655899047852,4.068683924977009,4.895070412323599,3.372149665970699
2019-08-21 23:00:00,3.154109477996826,3.4497838020324707,3.005179014984244,3.5926950776822744,4.586825333786436
2019-08-22 00:00:00,2.6220054626464844,2.578117847442627,2.4823236098551535,2.8586726595081293,2.1683173318015214
2019-08-22 01:00:00,1.578241229057312,1.578241229057312,1.3962495357831861,1.3962495357831861,1.8032486655871083
2019-08-22 02:00:00,1.3259880542755127,1.3259880542755127,0.9983836049240672,0.9983836049240672,0.9304470540682475
2019-08-22 03:00:00,0.49775421619415283,0.49775421619415283,0.46030351291767535,0.46030351291767535,0.4061113325224996
2019-08-22 04:00:00,0.13283489644527435,0.13283489644527435,0.21668287351018167,0.21668287351018167,0.07112613904698636
2019-08-22 05:00:00,0.011669262312352657,0.05845195800065994,0.02419806675295108,0.021027038262629222,9.99999999999901e-07
2019-08-22 06:00:00,0.07333072274923325,0.07419539988040924,0.042197769081189676,0.039723413707619754,0.0003201939900716597
2019-08-22 07:00:00,0.7076725959777832,0.7372669577598572,0.35479676020269335,0.3347053085360588,1.5829643089082535
2019-08-22 08:00:00,1.4612784385681152,1.2728313207626343,1.2924729054803168,1.2428217653175961,1.353430800543893
2019-08-22 09:00:00,1.3739988803863525,1.3739988803863525,1.1923228733633833,1.1923228733633833,1.6841032455126457
2019-08-22 10:00:00,1.9844558238983154,1.9844558238983154,2.0698625442948284,2.0698625442948284,1.1048613830566405
2019-08-22 11:00:00,2.49164080619812,2.49164080619812,2.3832500673413994,2.3832500673413994,1.7434309990035173
2019-08-22 12:00:00,2.6981685161590576,2.6981685161590576,2.9229059075658763,2.9229059075658763,2.4642860713005073
2019-08-22 13:00:00,2.5537471771240234,2.877800941467285,1.9687566623342443,2.485896912272385,5.726268700239388
2019-08-22 14:00:00,2.699086904525757,2.936060667037964,2.570106554727115,3.1491286073419724,2.858489495616488
2019-08-22 15:00:00,3.0064315795898438,2.930431365966797,2.7760078643722608,3.3471407375094917,3.438886247528924
2019-08-22 16:00:00,2.8548099994659424,2.8808507919311523,2.9711047224832865,3.0177733617345623,2.623611883693268
2019-08-22 17:00:00,2.5682973861694336,2.5682973861694336,2.4422181152314018,2.4422181152314018,2.662359251520371
2019-08-22 18:00:00,2.499296188354492,2.499296188354492,2.817029106596706,2.817029106596706,3.674999335670473
2019-08-22 19:00:00,3.2393910884857178,3.2393910884857178,3.6529754447608105,3.6529754447608105,3.770337031979032
2019-08-22 20:00:00,3.7696735858917236,3.7696735858917236,3.7607881742331104,3.7607881742331104,5.743672552988265
2019-08-22 21:00:00,4.321793556213379,3.3590409755706787,4.3809942841668255,3.634595057110491,3.181859639973113
2019-08-22 22:00:00,4.413125991821289,3.9102683067321777,4.396291100588752,4.23333691384924,3.8523375013669314
2019-08-22 23:00:00,3.672719955444336,3.069638252258301,3.378202206826057,3.272129586009999,4.115155230351738
2019-08-23 00:00:00,2.6556520462036133,2.6169991493225098,2.5644623384698115,2.5565920723436553,2.9709186588947114
2019-08-23 01:00:00,2.0271074771881104,2.0271074771881104,1.729374408367436,1.729374408367436,1.3106858372893504
2019-08-23 02:00:00,1.1956602334976196,1.1956602334976196,1.1756050537285958,1.1756050537285958,0.9203171671765651
2019-08-23 03:00:00,0.3633388578891754,0.3633388578891754,0.529570001164518,0.529570001164518,0.8435651678195526
2019-08-23 04:00:00,0.11934827268123627,0.11934827268123627,0.23214565505318055,0.23214565505318055,0.1288653868997366
2019-08-23 05:00:00,0.012483863160014153,0.05987245589494705,0.009364371880353753,0.022971494271993548,0.18467047376675036
2019-08-23 06:00:00,0.03580418974161148,0.07117794454097748,0.04617071853236662,0.040254064101187634,9.99999999999901e-07
2019-08-23 07:00:00,0.5731263756752014,0.6099466681480408,0.4591732650267627,0.4155955885708159,1.0559603311542938
2019-08-23 08:00:00,1.5385652780532837,1.6507720947265625,1.4725154105458742,1.2648722227091322,2.185213525348664
2019-08-23 09:00:00,1.9634333848953247,1.9634333848953247,1.7161017246094272,1.7161017246094272,0.9678623891622757
2019-08-23 10:00:00,1.9534133672714233,1.9534133672714233,2.1595501465310947,2.1595501465310947,1.342184442213269
2019-08-23 11:00:00,2.1924455165863037,2.1924455165863037,2.2434391155147644,2.2434391155147644,2.2354853330086613
2019-08-23 12:00:00,2.9350314140319824,2.9350314140319824,2.925807311062077,2.925807311062077,2.9972793853425634
2019-08-23 13:00:00,2.861368417739868,3.052344799041748,2.6805237948599676,2.750254842353372,4.948940920104821
2019-08-23 14:00:00,3.222954273223877,3.109569549560547,3.2883728192028725,3.3829496491698237,2.9772112679554414
2019-08-23 15:00:00,3.0861902236938477,3.170799970626831,3.275497836410954,3.6680704270775775,5.060788714684799
2019-08-23 16:00:00,3.0249927043914795,2.9385876655578613,3.142772398136706,3.5215314391054378,4.031689029937744
2019-08-23 17:00:00,3.3318772315979004,3.3318772315979004,3.0347283594307695,3.0347283594307695,2.312589390967051
2019-08-23 18:00:00,3.252868413925171,3.252868413925171,3.2770042888585276,3.2770042888585276,1.7214593333672423
2019-08-23 19:00:00,3.5319085121154785,3.5319085121154785,3.9046053566708863,3.9046053566708863,3.6840071078092813
2019-08-23 20:00:00,4.726499080657959,4.726499080657959,4.478597329451307,4.478597329451307,2.0451301091092438
2019-08-23 21:00:00,3.02327561378479,4.0469183921813965,3.1344634336178436,4.304709438127044,3.4679704402397977
2019-08-23 22:00:00,3.76168155670166,4.174663066864014,3.91920552327967,4.73908264728517,4.187945470757381
2019-08-23 23:00:00,3.5188355445861816,3.7654128074645996,3.3387569659925838,3.8072051704992047,3.858269442908396
2019-08-24 00:00:00,3.062116861343384,2.9415085315704346,2.8417969584902507,2.948040308402139,2.402127056323159
2019-08-24 01:00:00,1.733130693435669,1.733130693435669,1.665707812874904,1.665707812874904,1.7911535828378464
2019-08-24 02:00:00,0.9220136404037476,0.9220136404037476,1.0718386983953325,1.0718386983953325,0.856288471338487
2019-08-24 03:00:00,0.7780988812446594,0.7780988812446594,0.5645045897734333,0.5645045897734333,0.4398880588637469
2019-08-24 04:00:00,0.1734640747308731,0.1734640747308731,0.26298875576987196,0.26298875576987196,0.31252291752984995
2019-08-24 05:00:00,0.045325469225645065,0.056292396038770676,0.030021864788204906,0.04243624974003581,0.11542422505484873
2019-08-24 06:00:00,0.03791775554418564,0.06934300065040588,0.023511378675454317,0.05238100863442309,9.99999999999901e-07
2019-08-24 07:00:00,0.43578869104385376,0.5051030516624451,0.20393338010683829,0.3232735662505638,0.5832540036996217
2019-08-24 08:00:00,1.6236608028411865,1.5841028690338135,1.1308724489101802,1.1708189818476649,0.5136961650318574
2019-08-24 09:00:00,1.2927768230438232,1.2927768230438232,1.0566344343732776,1.0566344343732776,2.829083228005302
2019-08-24 10:00:00,1.5944499969482422,1.5944499969482422,1.7805238440128948,1.7805238440128948,3.150581997691259
2019-08-24 11:00:00,2.3227169513702393,2.3227169513702393,2.0223289185564357,2.0223289185564357,4.833522023667232
2019-08-24 12:00:00,2.9908688068389893,2.9908688068389893,2.7672529308899256,2.7672529308899256,6.646432975917494
2019-08-24 13:00:00,5.20925235748291,3.282191038131714,4.348291138832149,2.769104285854897,5.021049074294139
2019-08-24 14:00:00,4.073423385620117,3.4333102703094482,4.461199055295934,3.221981968030431,4.618268779532714
2019-08-24 15:00:00,3.668609380722046,3.2135095596313477,4.075880747677389,3.2397266966541967,2.6825951666302146
2019-08-24 16:00:00,3.3433597087860107,2.9846434593200684,3.7949746196474052,3.0262940271828267,3.6736668863137565
2019-08-24 17:00:00,3.2812552452087402,3.2812552452087402,3.2077496604948643,3.2077496604948643,3.6386817447768345
2019-08-24 18:00:00,3.1837306022644043,3.1837306022644043,3.829932385894668,3.829932385894668,2.7393370219177657
2019-08-24 19:00:00,3.978745222091675,3.978745222091675,4.776126080563434,4.776126080563434,2.185239000924431
2019-08-24 20:00:00,3.856431007385254,3.856431007385254,5.0094624146315265,5.0094624146315265,3.0310381650182956
2019-08-24 21:00:00,3.704253673553467,4.04973840713501,3.414145051798324,4.308204888077163,3.498911585309768
2019-08-24 22:00:00,3.56441068649292,3.8555335998535156,4.058122419110904,4.48054149112019,3.0185462229410844
2019-08-24 23:00:00,3.435065507888794,3.3773624897003174,3.1630046834748815,3.685955304297294,3.1096052522341417
2019-08-25 00:00:00,2.5348854064941406,2.52166485786438,2.4807442969283704,2.828980841810911,3.001295131387078
2019-08-25 01:00:00,2.022289752960205,2.022289752960205,1.6945342881950138,1.6945342881950138,1.8176845516526994
2019-08-25 02:00:00,1.0876164436340332,1.0876164436340332,1.0240683899367176,1.0240683899367176,1.1913186380867424
2019-08-25 03:00:00,0.44122034311294556,0.44122034311294556,0.49035507509133386,0.49035507509133386,0.35219027605628883
2019-08-25 04:00:00,0.180620014667511,0.180620014667511,0.28853633097797443,0.28853633097797443,0.5508540269908904
2019-08-25 05:00:00,0.11599612236022949,0.09416218847036362,0.07068651831156601,0.06832729809924021,0.2807573011826409
2019-08-25 06:00:00,0.03277048096060753,0.05171796679496765,0.020063137204298538,0.04653282982210126,0.15472349921374856
2019-08-25 07:00:00,0.4041123688220978,0.2872297167778015,0.10722211170832957,0.16920100712383934,9.99999999999901e-07
2019-08-25 08:00:00,0.699504017829895,1.079657793045044,0.6444312405466911,0.6734003321806308,0.555095555062188
2019-08-25 09:00:00,1.75194251537323,1.75194251537323,1.5818474680172332,1.5818474680172332,0.7983677211500801
2019-08-25 10:00:00,2.6904478073120117,2.6904478073120117,3.0309953383750528,3.0309953383750528,3.5318516099086317
2019-08-25 11:00:00,3.525259256362915,3.525259256362915,3.7821660781364344,3.7821660781364344,5.405969338719474
2019-08-25 12:00:00,4.141889572143555,4.141889572143555,4.983335487037065,4.983335487037065,3.925526500267875
2019-08-25 13:00:00,4.017897605895996,3.9753262996673584,4.047862787003906,4.590004459737108,5.063370024914634
2019-08-25 14:00:00,4.14860200881958,3.8881654739379883,4.230906762937302,4.438146131154532,4.725034974109228
2019-08-25 15:00:00,3.699239730834961,3.6152474880218506,3.585468538055791,3.705463802030107,4.686101919269985
2019-08-25 16:00:00,3.558013916015625,3.4971799850463867,3.3549247856327895,3.492180914467725,3.4051688048260993
2019-08-25 17:00:00,3.585622787475586,3.585622787475586,3.1898359493861133,3.1898359493861133,2.9705704406954494
2019-08-25 18:00:00,3.2932322025299072,3.2932322025299072,3.6797069866255576,3.6797069866255576,3.7457386622645013
2019-08-25 19:00:00,3.7756080627441406,3.7756080627441406,4.144361574696285,4.144361574696285,5.690940997569193
2019-08-25 20:00:00,3.9707090854644775,3.9707090854644775,5.100395156181369,5.100395156181369,4.6791902254002915
2019-08-25 21:00:00,4.223328590393066,4.538581848144531,4.111910796612469,4.634775172128058,5.272945059490623
2019-08-25 22:00:00,4.036855220794678,3.7208869457244873,4.314811836257458,4.233178199992511,5.754221467108619
2019-08-25 23:00:00,3.1174893379211426,3.138916492462158,3.2164395095413516,3.8319324039079525,4.991798922284867
2019-08-26 00:00:00,2.567810297012329,2.679232120513916,2.5459859179963624,3.011413540462536,4.17042522605832
2019-08-26 01:00:00,2.3093838691711426,2.3093838691711426,2.390564816289132,2.390564816289132,2.3844825565236403
2019-08-26 02:00:00,1.408552646636963,1.408552646636963,1.5410890493048643,1.5410890493048643,0.5450774211463926
2019-08-26 03:00:00,0.7260591387748718,0.7260591387748718,0.726676894143446,0.726676894143446,0.4863432517108912
2019-08-26 04:00:00,0.2614850103855133,0.2614850103855133,0.3171497447509538,0.3171497447509538,0.18816508399157966
2019-08-26 05:00:00,0.040716297924518585,0.12853074073791504,0.023916711376559326,0.11217973592816215,9.99999999999901e-07
2019-08-26 06:00:00,0.054822176694869995,0.07228754460811615,0.05379912552762256,0.0881490240466042,0.3456322797461605
2019-08-26 07:00:00,0.24786436557769775,0.27540284395217896,0.15511332520795337,0.11969211448240191,1.6650276351774003
2019-08-26 08:00:00,1.4572393894195557,0.9225068688392639,1.0281548428376233,0.5091929120156643,3.0095658896344464
2019-08-26 09:00:00,2.147364377975464,2.147364377975464,1.9128643556637777,1.9128643556637777,2.6932847814246257
2019-08-26 10:00:00,2.897296905517578,2.897296905517578,2.340636116265408,2.340636116265408,4.213999554178871
2019-08-26 11:00:00,2.8540871143341064,2.8540871143341064,2.4598533160740237,2.4598533160740237,3.7028271480564565
2019-08-26 12:00:00,3.330277919769287,3.330277919769287,3.0145704066565084,3.0145704066565084,2.3325730810010668
2019-08-26 13:00:00,2.881781816482544,3.231005907058716,2.6398508403468885,3.0766606434233337,4.154683688566844
2019-08-26 14:00:00,3.2818024158477783,3.326756238937378,3.5220049623871055,3.658433025301418,5.559920912181437
2019-08-26 15:00:00,3.1690287590026855,3.4736132621765137,3.6230544818952835,4.0201741020158845,4.855671753587086
2019-08-26 16:00:00,3.197599172592163,2.9942586421966553,3.9476453218474834,3.6760028616675773,3.067508948813967
2019-08-26 17:00:00,3.232316255569458,3.232316255569458,3.0129658062226343,3.0129658062226343,2.3990574727804397
2019-08-26 18:00:00,3.7079174518585205,3.7079174518585205,3.8747095889399517,3.8747095889399517,3.640228954432171
2019-08-26 19:00:00,4.161405563354492,4.161405563354492,5.05693998317644,5.05693998317644,2.7204541115976966
2019-08-26 20:00:00,3.990143299102783,3.990143299102783,6.253931121716894,6.253931121716894,5.560727333789825
2019-08-26 21:00:00,4.526467323303223,4.581518173217773,5.630297527105474,5.903211076591905,3.5756346716355183
2019-08-26 22:00:00,4.092780113220215,4.551741123199463,5.872899862914752,5.742792999427088,4.728246444638996
2019-08-26 23:00:00,3.7342817783355713,3.9445033073425293,4.307574460167244,4.590134363943195,3.0299306115260647
2019-08-27 00:00:00,3.01784348487854,2.8651740550994873,3.0902864884308885,3.3738745477710244,3.702412070216075
2019-08-27 01:00:00,2.1289522647857666,2.1289522647857666,2.0211794396047225,2.0211794396047225,1.666596913321812
2019-08-27 02:00:00,1.0237082242965698,1.0237082242965698,1.330630564895653,1.330630564895653,0.8004183332284296
2019-08-27 03:00:00,0.3725765645503998,0.3725765645503998,0.5922830608345169,0.5922830608345169,0.3598801360183291
2019-08-27 04:00:00,0.15699519217014313,0.15699519217014313,0.19291225709143658,0.19291225709143658,0.31850474870999657
2019-08-27 05:00:00,0.03127513825893402,0.06779049336910248,0.019719943554690728,0.02413050252890393,0.02693447018157016
2019-08-27 06:00:00,0.06043393909931183,0.09943822026252747,0.067149766769925,0.09862277748005155,9.99999999999901e-07
2019-08-27 07:00:00,0.6622531414031982,0.6513807773590088,0.4686071227150113,0.6349303186902765,1.8970297202799027
2019-08-27 08:00:00,1.8165085315704346,1.7234333753585815,1.6490109385276486,1.458920372125955,2.2778269131501525
2019-08-27 09:00:00,2.4197492599487305,2.4197492599487305,1.8482001809998823,1.8482001809998823,0.9230112792068054
2019-08-27 10:00:00,3.0474040508270264,3.0474040508270264,2.552714913428827,2.552714913428827,1.944548142168255
2019-08-27 11:00:00,3.113884687423706,3.113884687423706,2.5456371065318595,2.5456371065318595,2.835213533353804
2019-08-27 12:00:00,3.3930258750915527,3.3930258750915527,3.228149316332629,3.228149316332629,4.049948334874046
2019-08-27 13:00:00,3.339620351791382,3.6802797317504883,3.0879308073586524,3.161306812050388,2.90213496866756
2019-08-27 14:00:00,3.514758825302124,3.23044490814209,3.8461833540812194,3.4986030061831954,1.5962008596049424
2019-08-27 15:00:00,3.4676148891448975,3.2594125270843506,3.7558167280486967,3.903379016212975,2.617417464409935
2019-08-27 16:00:00,3.126819133758545,3.186098098754883,3.25492183939395,3.371685094755629,3.63233433118926
2019-08-27 17:00:00,3.2298245429992676,3.2298245429992676,2.6937735105654714,2.6937735105654714,1.170801774613062
2019-08-27 18:00:00,3.162937641143799,3.162937641143799,3.1246786390946193,3.1246786390946193,1.3531056775675883
2019-08-27 19:00:00,3.553760051727295,3.553760051727295,3.880462480306103,3.880462480306103,2.7769933866977676
2019-08-27 20:00:00,4.181426048278809,4.181426048278809,4.1961825302664435,4.1961825302664435,4.44920702491866
2019-08-27 21:00:00,3.972813129425049,3.933839797973633,4.363821293462527,4.567171974226921,3.6780713622252112
2019-08-27 22:00:00,3.8661627769470215,3.7886111736297607,4.528877171513224,4.668393468559939,3.6701698295116425
2019-08-27 23:00:00,3.2799224853515625,3.3504533767700195,3.3269258879487285,3.5621376073850417,3.001851081344818
2019-08-28 00:00:00,2.9492599964141846,2.921515703201294,2.641828652211814,2.746135580731284,2.7754569202423083
2019-08-28 01:00:00,1.942966341972351,1.942966341972351,1.473662916010115,1.473662916010115,2.70342302852207
2019-08-28 02:00:00,1.1570334434509277,1.1570334434509277,0.9058793877256491,0.9058793877256491,1.1249993616845888
2019-08-28 03:00:00,0.412784218788147,0.412784218788147,0.42572300780184047,0.42572300780184047,0.35163430301348264
2019-08-28 04:00:00,0.1532861292362213,0.1532861292362213,0.18178611461594313,0.18178611461594313,0.1141801378404827
2019-08-28 05:00:00,0.015125786885619164,0.04336867481470108,0.014583972322371026,0.01568387228616597,9.99999999999901e-07
2019-08-28 06:00:00,0.04385777562856674,0.05982888489961624,0.04407077234618165,0.045164929825405466,0.04782630292044642
2019-08-28 07:00:00,0.4974905848503113,0.731495201587677,0.6001660004370655,0.5982638033599448,1.928764498122531
2019-08-28 08:00:00,2.0644443035125732,1.9901015758514404,1.6594401629335243,1.7568696608200645,2.066422615072461
2019-08-28 09:00:00,1.8303983211517334,1.8303983211517334,1.3315594892212463,1.3315594892212463,1.3191029144181148
2019-08-28 10:00:00,2.1201322078704834,2.1201322078704834,1.8940546198533004,1.8940546198533004,2.0971997136910745
2019-08-28 11:00:00,2.309018850326538,2.309018850326538,2.304277153285839,2.304277153285839,0.8572642178800364
2019-08-28 12:00:00,2.958425283432007,2.958425283432007,2.7634082876534367,2.7634082876534367,0.7316456005264556
2019-08-28 13:00:00,1.8442050218582153,2.9896020889282227,1.1166902650958148,2.624768695476279,1.2145710040544972
2019-08-28 14:00:00,1.7490960359573364,2.7032110691070557,1.9756563908064684,3.3635956376398988,1.259362232538254
2019-08-28 15:00:00,2.3309314250946045,2.8356378078460693,2.6648690436415565,3.564415712395767,4.597468305502997
2019-08-28 16:00:00,2.9706995487213135,3.0664355754852295,2.874956495178515,3.4152485289982315,7.288477776723435
2019-08-28 17:00:00,3.390979290008545,3.390979290008545,3.2891963380788702,3.2891963380788702,5.8458203353034115
2019-08-28 18:00:00,2.877471446990967,2.877471446990967,2.7600833352245813,2.7600833352245813,3.285249803002677
2019-08-28 19:00:00,3.483715772628784,3.483715772628784,3.161802185509289,3.161802185509289,5.48754955625534
2019-08-28 20:00:00,3.866767406463623,3.866767406463623,4.0211301137066,4.0211301137066,4.765500948227777
2019-08-28 21:00:00,4.2866644859313965,3.6543185710906982,4.558580457218285,4.327640790950262,4.10336454518636
2019-08-28 22:00:00,3.871277332305908,3.9411938190460205,4.333387085666008,4.8862300634159785,3.9800806147045535
2019-08-28 23:00:00,3.5872111320495605,3.5266191959381104,3.6671616650631225,3.450283248571991,4.7688689775043045
2019-08-29 00:00:00,2.6980834007263184,2.793086051940918,2.6968989433986135,2.8969346290259477,2.882661438274389
2019-08-29 01:00:00,2.2558798789978027,2.2558798789978027,2.015074341756372,2.015074341756372,1.9695270280414203
2019-08-29 02:00:00,1.150235891342163,1.150235891342163,1.168588731814996,1.168588731814996,1.1291581700060125
2019-08-29 03:00:00,0.5887952446937561,0.5887952446937561,0.5397953106263037,0.5397953106263037,0.3845332004070298
2019-08-29 04:00:00,0.18589413166046143,0.18589413166046143,0.17476258523448762,0.17476258523448762,9.99999999999901e-07
2019-08-29 05:00:00,0.20840056240558624,0.056555844843387604,0.04426482796768613,0.03552688028003369,0.05962030878067165
2019-08-29 06:00:00,0.16351662576198578,0.07854723930358887,0.3139644970768921,0.08998054289253271,0.08783480683390363
2019-08-29 07:00:00,0.6122986078262329,0.44097083806991577,1.3208360276162563,0.6823438219556709,0.36492505398856284
2019-08-29 08:00:00,1.4884233474731445,1.492814540863037,1.9834230534737287,1.5897525076106302,2.240982388401032
2019-08-29 09:00:00,1.77291738986969,1.77291738986969,1.9167988432374405,1.9167988432374405,2.276468780411617
2019-08-29 10:00:00,2.0240635871887207,2.0240635871887207,2.350833256764386,2.350833256764386,2.036894889789157
2019-08-29 11:00:00,2.1120615005493164,2.1120615005493164,2.2171592387557593,2.2171592387557593,1.9754520862897238
2019-08-29 12:00:00,2.052419424057007,2.052419424057007,2.5641651263901295,2.5641651263901295,0.4708846691767377
2019-08-29 13:00:00,1.142752766609192,2.5719165802001953,1.583787982678662,2.6158315326141857,2.375106839927038
2019-08-29 14:00:00,2.3833253383636475,3.075345277786255,1.9868755211031601,3.2026686724644158,3.8176037196053394
2019-08-29 15:00:00,2.60306715965271,3.0825934410095215,2.3303048446806502,3.216243206188833,3.372673738956452
2019-08-29 16:00:00,3.1521732807159424,2.9607467651367188,3.329990118568058,3.7466717048890517,2.2789013292895413
2019-08-29 17:00:00,2.7447102069854736,2.7447102069854736,2.001090873647446,2.001090873647446,1.9390390284644254
2019-08-29 18:00:00,2.999927520751953,2.999927520751953,2.7777387284623614,2.7777387284623614,2.4906142768753896
2019-08-29 19:00:00,4.026550769805908,4.026550769805908,3.2483135838728523,3.2483135838728523,3.6240988356696207
2019-08-29 20:00:00,3.9537672996520996,3.9537672996520996,4.709266328801007,4.709266328801007,4.371186443371244
2019-08-29 21:00:00,4.369604587554932,4.126619338989258,4.091385702238058,4.630573207260195,2.4670935249222654
2019-08-29 22:00:00,4.266337871551514,4.201761245727539,4.702825533190591,4.790139776486164,1.8543773870574118
2019-08-29 23:00:00,3.7546565532684326,3.5060808658599854,3.960136015853564,4.050819966553809,1.6701952235009951
2019-08-30 00:00:00,2.7983155250549316,2.8515782356262207,2.6980910061997534,2.9406993516055997,2.32271752797275
